ward_label,mean_walk_min,median_walk_min,p90_walk_min,pct_samples_within_10min,pct_samples_beyond_10min,gap_band,gap_index,stop_count,area_km2
159,24.7,24.1,45.9,29.1,70.9,severe,77,3,3.367
15,20.8,14.8,50.0,29.5,70.5,high,53,8,8.705
191,14.9,15.4,26.8,30.4,69.6,severe,88,2,4.163
184,12.9,13.2,19.6,34.0,66.0,high,69,0,3.118
16,11.7,11.1,22.7,40.8,59.2,high,50,15,10.025
189,13.2,11.5,25.7,43.0,57.0,moderate,44,12,10.197
190,11.9,10.4,24.0,45.9,54.1,high,50,10,3.067
199,11.5,9.6,22.8,52.5,47.5,high,62,15,8.074
23,9.8,9.6,16.8,54.1,45.9,high,47,5,4.154
198,8.9,9.2,14.1,57.3,42.7,moderate,36,11,6.3
200,10.4,9.7,22.4,57.8,42.2,high,45,8,7.517
158,8.8,9.2,15.2,58.1,41.9,severe,72,5,2.012
194,8.8,8.7,14.4,59.7,40.3,moderate,41,8,4.512
197,8.7,8.8,14.0,62.6,37.4,moderate,33,16,8.473
7,9.1,7.7,16.9,63.0,37.0,moderate,29,13,7.678
157,8.9,5.8,18.0,64.5,35.5,high,50,19,4.575
24,8.3,7.1,17.2,64.5,35.5,moderate,33,10,2.712
188,7.6,7.4,13.5,67.1,32.9,moderate,37,8,3.423
17,8.4,7.8,16.7,70.4,29.6,high,58,15,6.675
22,8.3,6.0,21.1,71.4,28.6,severe,72,6,2.153
180,7.3,7.3,12.8,72.6,27.4,moderate,34,8,1.82
37,6.6,5.5,12.8,75.3,24.7,moderate,32,12,4.1
109,7.7,8.6,11.7,76.1,23.9,high,48,4,0.941
21,8.2,4.4,24.8,76.2,23.8,moderate,38,8,1.87
83,7.8,6.9,15.8,76.3,23.7,moderate,41,20,6.632
192,7.5,7.4,11.9,76.9,23.1,high,68,6,2.554
19,6.5,5.2,14.6,77.4,22.6,high,51,19,4.118
143,7.3,7.1,13.3,79.3,20.7,high,62,7,2.597
6,6.4,5.3,12.3,79.4,20.6,high,51,3,1.377
31,6.7,6.0,12.8,80.5,19.5,high,62,7,2.495
179,6.8,6.3,12.0,81.0,19.0,moderate,43,5,1.873
169,5.4,4.4,12.2,81.6,18.4,low,7,32,3.768
18,5.7,4.7,11.3,81.9,18.1,high,50,20,8.073
172,6.9,3.8,23.7,82.6,17.4,high,46,31,8.376
183,7.1,7.5,10.6,83.8,16.2,severe,76,4,1.54
174,5.2,4.4,11.2,85.1,14.9,moderate,32,25,3.463
182,6.2,5.8,12.3,85.4,14.6,low,11,15,3.28
90,5.5,4.9,10.6,86.5,13.5,moderate,36,5,1.084
195,5.3,4.1,12.2,87.2,12.8,moderate,32,15,2.489
82,5.8,5.1,10.3,87.4,12.6,low,18,19,3.877
29,6.6,7.3,10.3,87.7,12.3,high,49,5,2.279
193,5.9,5.7,10.3,87.8,12.2,high,50,10,2.082
166,6.5,6.2,10.0,87.9,12.1,high,57,0,1.3
88,5.5,4.5,11.8,87.9,12.1,moderate,31,11,2.272
181,7.0,6.8,11.7,88.0,12.0,severe,76,3,1.625
30,6.0,6.2,10.6,88.1,11.9,low,23,21,3.097
27,5.8,5.6,10.3,89.0,11.0,low,22,14,3.644
106,6.3,6.3,9.7,89.2,10.8,high,48,4,0.885
25,5.7,5.0,10.7,89.4,10.6,moderate,32,23,3.982
156,6.3,6.3,10.1,89.8,10.2,high,54,12,2.777
32,5.7,5.3,10.0,89.9,10.1,moderate,28,20,4.966
96,5.6,5.7,10.0,90.2,9.8,low,9,14,2.75
196,5.6,4.9,9.7,90.3,9.7,moderate,30,7,1.552
153,5.6,5.3,9.7,90.4,9.6,moderate,39,6,2.266
94,6.0,6.3,9.6,91.3,8.7,high,47,7,1.502
85,5.1,4.8,9.5,91.6,8.4,low,19,23,4.379
3,4.9,4.1,8.9,92.0,8.0,moderate,34,17,3.161
154,4.9,4.9,8.5,92.6,7.4,high,61,5,1.172
108,4.9,4.8,8.1,92.9,7.1,moderate,27,8,1.53
177,5.2,4.8,9.3,93.0,7.0,low,9,16,2.781
86,4.8,4.4,8.9,93.5,6.5,moderate,39,37,6.25
171,4.3,3.8,8.0,93.5,6.5,low,7,28,3.35
110,4.1,3.7,7.5,93.6,6.4,low,17,22,2.053
4,4.5,4.4,8.8,93.8,6.2,moderate,34,15,2.08
46,4.2,3.5,7.3,93.9,6.1,low,20,12,1.436
150,4.5,3.9,8.9,94.0,6.0,moderate,39,21,3.535
186,5.2,4.9,9.1,94.6,5.4,moderate,32,14,2.385
13,7.3,7.5,9.5,94.7,5.3,high,49,0,0.471
148,3.9,3.4,8.4,94.7,5.3,high,50,8,0.883
12,3.4,3.0,6.5,94.7,5.3,high,56,5,0.421
2,3.7,3.3,7.8,94.8,5.2,low,15,17,2.916
79,5.0,4.7,9.3,95.0,5.0,moderate,35,12,2.092
187,4.6,4.3,8.3,95.5,4.5,high,50,8,0.992
93,4.4,3.9,8.1,95.5,4.5,moderate,40,9,1.412
60,2.5,1.3,6.8,95.5,4.5,low,24,28,5.139
43,4.2,3.3,7.1,95.8,4.2,moderate,33,11,0.992
146,4.4,4.4,7.5,96.1,3.9,high,52,7,1.081
1,3.7,3.5,6.6,96.3,3.7,low,17,14,1.734
26,5.3,4.9,8.6,97.0,3.0,moderate,30,8,2.153
145,5.0,4.3,9.8,97.0,3.0,moderate,42,13,1.513
155,4.4,4.2,8.1,97.1,2.9,moderate,42,17,1.545
140,3.6,3.2,5.9,97.1,2.9,moderate,25,8,0.761
70,3.9,3.6,8.4,97.4,2.6,low,7,18,1.733
151,4.5,4.2,8.2,97.5,2.5,moderate,25,13,1.664
176,4.7,4.7,8.1,97.6,2.4,low,17,15,1.787
134,4.5,4.4,8.2,97.7,2.3,low,17,7,0.945
87,3.8,3.5,7.0,97.7,2.3,low,15,13,0.957
74,4.5,4.1,7.8,97.8,2.2,high,48,6,0.949
118,3.7,3.4,6.6,97.8,2.2,low,22,16,1.907
89,4.5,4.1,8.8,97.9,2.1,high,45,10,0.994
112,5.2,5.2,9.4,98.0,2.0,high,59,4,1.06
130,3.9,3.8,7.1,98.1,1.9,low,20,10,1.201
91,3.9,3.6,7.1,98.2,1.8,moderate,27,9,1.216
165,3.9,3.9,6.7,98.2,1.8,low,20,17,1.162
103,3.6,3.5,7.2,98.2,1.8,low,17,25,2.447
98,5.4,5.0,8.8,98.4,1.6,high,47,3,1.436
170,3.7,3.3,7.2,98.4,1.6,low,24,21,2.701
80,5.2,5.3,7.8,98.5,1.5,high,47,4,1.485
81,3.2,2.8,6.2,98.7,1.3,low,11,21,1.663
102,3.1,2.9,5.4,98.8,1.2,low,0,32,1.789
127,4.4,4.2,7.8,98.9,1.1,low,15,29,3.857
104,3.9,3.7,7.0,99.0,1.0,low,15,21,2.284
100,3.5,3.6,6.6,99.0,1.0,low,17,26,2.205
95,4.3,3.9,8.1,99.1,0.9,low,9,17,2.339
173,3.4,3.4,5.6,99.2,0.8,low,7,31,2.736
84,4.1,3.8,7.4,99.3,0.7,moderate,30,28,3.133
147,5.3,5.7,7.9,100.0,0.0,moderate,42,23,2.048
50,5.3,5.7,8.1,100.0,0.0,moderate,42,6,1.536
55,5.1,5.5,7.8,100.0,0.0,moderate,27,5,0.574
67,4.9,5.3,7.7,100.0,0.0,moderate,38,9,0.899
132,4.8,5.0,7.9,100.0,0.0,low,23,6,1.096
107,4.6,4.7,8.2,100.0,0.0,high,52,7,1.248
152,4.6,4.4,7.4,100.0,0.0,high,47,10,1.603
66,4.6,4.5,7.6,100.0,0.0,moderate,36,5,1.031
144,4.5,4.6,7.2,100.0,0.0,high,61,6,1.388
149,4.5,4.6,7.0,100.0,0.0,high,61,6,1.416
160,4.4,4.1,7.2,100.0,0.0,high,54,3,0.67
129,4.4,4.6,7.1,100.0,0.0,low,22,12,1.899
42,4.3,4.0,6.9,100.0,0.0,low,20,12,1.084
44,4.2,4.6,6.7,100.0,0.0,high,47,2,0.691
51,4.2,4.9,5.8,100.0,0.0,high,47,1,0.403
64,4.2,4.1,7.1,100.0,0.0,high,47,11,1.586
75,4.2,3.9,7.5,100.0,0.0,moderate,25,8,0.953
65,4.2,4.1,7.3,100.0,0.0,low,17,17,1.881
54,4.0,4.3,6.3,100.0,0.0,moderate,41,3,0.594
47,4.0,3.9,6.8,100.0,0.0,moderate,37,6,0.624
105,4.0,3.7,6.9,100.0,0.0,moderate,27,8,1.312
48,3.9,4.0,6.1,100.0,0.0,moderate,44,2,0.479
53,3.9,3.8,7.0,100.0,0.0,moderate,25,9,0.854
124,3.9,3.8,6.2,100.0,0.0,low,23,6,1.025
162,3.8,3.3,7.6,100.0,0.0,high,54,4,1.24
101,3.8,3.6,6.8,100.0,0.0,moderate,42,17,1.521
97,3.8,3.3,6.6,100.0,0.0,moderate,37,6,0.742
69,3.8,3.7,6.5,100.0,0.0,moderate,36,5,1.049
35,3.8,3.8,6.4,100.0,0.0,low,22,12,1.689
36,3.8,3.3,7.2,100.0,0.0,low,20,12,1.376
34,3.8,3.6,6.7,100.0,0.0,low,17,21,2.442
168,3.8,3.6,6.9,100.0,0.0,low,13,30,3.563
8,3.7,3.1,6.4,100.0,0.0,moderate,33,5,0.724
57,3.6,3.1,7.1,100.0,0.0,moderate,39,6,0.908
122,3.6,3.1,7.2,100.0,0.0,low,13,24,1.815
161,3.5,3.1,6.4,100.0,0.0,low,23,7,0.79
10,3.4,2.8,6.3,100.0,0.0,moderate,37,5,0.522
78,3.4,3.5,5.6,100.0,0.0,moderate,31,6,0.672
92,3.4,3.4,5.8,100.0,0.0,moderate,28,14,1.04
141,3.4,3.4,6.1,100.0,0.0,moderate,25,9,0.778
111,3.4,2.8,6.9,100.0,0.0,low,22,28,2.717
126,3.4,3.1,6.0,100.0,0.0,low,20,10,1.04
72,3.3,3.1,7.0,100.0,0.0,moderate,42,9,1.318
175,3.3,3.2,6.1,100.0,0.0,moderate,35,18,1.431
163,3.3,3.7,4.9,100.0,0.0,moderate,25,8,0.759
185,3.3,3.2,5.2,100.0,0.0,moderate,25,8,0.946
28,3.3,3.4,6.1,100.0,0.0,low,15,20,1.311
68,3.3,2.9,6.5,100.0,0.0,low,15,17,1.391
164,3.2,3.0,5.3,100.0,0.0,high,56,6,0.603
131,3.2,3.3,5.5,100.0,0.0,moderate,44,4,1.045
38,3.2,3.1,6.2,100.0,0.0,low,22,10,1.801
178,3.2,3.2,6.3,100.0,0.0,low,4,19,2.702
120,3.1,3.2,5.7,100.0,0.0,moderate,44,2,0.534
136,3.1,2.6,6.2,100.0,0.0,low,20,10,1.195
114,3.1,2.5,6.6,100.0,0.0,low,13,20,1.759
9,3.0,2.6,8.1,100.0,0.0,moderate,43,10,0.681
113,3.0,2.8,4.9,100.0,0.0,moderate,28,22,1.69
45,3.0,2.9,5.1,100.0,0.0,low,20,11,1.14
5,3.0,2.8,6.3,100.0,0.0,low,17,19,2.319
125,3.0,3.1,5.4,100.0,0.0,low,15,21,1.239
33,2.9,3.1,4.2,100.0,0.0,high,50,7,0.687
138,2.9,2.7,5.6,100.0,0.0,moderate,40,21,1.263
119,2.9,2.8,5.3,100.0,0.0,moderate,35,24,1.387
139,2.9,2.8,4.6,100.0,0.0,moderate,31,11,0.724
115,2.9,3.0,4.8,100.0,0.0,moderate,25,7,0.852
41,2.9,2.8,5.0,100.0,0.0,low,18,10,0.892
63,2.9,2.2,5.9,100.0,0.0,low,18,12,0.964
59,2.9,2.4,6.7,100.0,0.0,low,5,42,2.816
20,2.9,2.6,5.1,100.0,0.0,low,3,12,0.637
123,2.9,2.8,5.5,100.0,0.0,low,2,25,2.24
117,2.8,2.7,5.8,100.0,0.0,moderate,42,14,1.327
128,2.8,2.7,5.0,100.0,0.0,moderate,35,25,1.597
56,2.8,2.8,4.3,100.0,0.0,moderate,31,6,0.567
39,2.8,2.8,5.4,100.0,0.0,moderate,25,9,1.042
76,2.8,2.9,5.2,100.0,0.0,low,23,8,0.615
133,2.8,2.6,5.7,100.0,0.0,low,15,26,1.838
137,2.7,2.8,5.0,100.0,0.0,moderate,40,24,1.621
58,2.7,2.4,5.6,100.0,0.0,low,2,28,2.594
52,2.7,2.5,4.9,100.0,0.0,low,0,16,1.036
71,2.6,2.6,4.9,100.0,0.0,moderate,27,14,1.534
40,2.6,2.1,5.0,100.0,0.0,low,18,15,1.067
167,2.6,2.7,4.2,100.0,0.0,low,15,18,1.135
142,2.6,2.4,4.7,100.0,0.0,low,5,16,1.066
99,2.5,2.4,4.8,100.0,0.0,moderate,30,17,1.299
73,2.5,2.3,5.1,100.0,0.0,low,20,11,0.928
49,2.5,2.6,4.0,100.0,0.0,low,18,11,0.78
61,2.5,2.1,4.7,100.0,0.0,low,15,27,2.218
116,2.5,2.7,4.6,100.0,0.0,low,5,18,0.68
121,2.4,2.3,4.7,100.0,0.0,moderate,25,14,0.924
77,2.3,1.9,4.3,100.0,0.0,low,18,10,0.574
135,2.3,2.3,4.0,100.0,0.0,low,15,25,1.478
14,2.2,2.4,3.6,100.0,0.0,low,18,10,0.668
62,1.9,1.9,3.6,100.0,0.0,low,5,15,0.833
11,1.7,1.6,3.0,100.0,0.0,moderate,38,7,0.634
