ward,gap_index,pt_index,gap_band,stop_gap,shelter_gap,hub_gap,density_gap,walk_gap,mean_walk_min,area_km2,stop_count,shelter_count,hub_count,stops_per_km2,median_walk_min,p90_walk_min,mean_network_m,pct_samples_within_5min,pct_samples_within_10min,mrts_station_count,cmrl_hub_count,railway_station_count,nearest_mrts_m,nearest_cmrl_m,nearest_railway_m
191,88,12.0,severe,22,25,15,10,16,14.9,4.163,2,0,0,0.48,15.4,26.8,1191.3,11.3,30.4,0,0,0,5593.5,7832.9,5627.1
159,77,23.0,severe,22,25,0,10,20,24.7,3.367,3,0,2,0.89,24.1,45.9,1977.3,13.9,29.1,1,1,1,1121.8,979.7,1127.5
181,76,24.0,severe,22,25,15,10,4,7.0,1.625,3,0,0,1.85,6.8,11.7,556.3,28.0,88.0,0,0,0,1971.4,1831.8,1904.0
183,76,24.0,severe,22,25,15,10,4,7.1,1.54,4,0,0,2.6,7.5,10.6,571.9,25.0,83.8,0,0,0,2626.0,2559.5,2569.5
158,72,28.0,severe,14,25,15,10,8,8.8,2.012,5,0,0,2.49,9.2,15.2,703.5,29.0,58.1,0,0,0,2827.6,2098.9,2853.8
22,72,28.0,severe,14,25,15,10,8,8.3,2.153,6,0,0,2.79,6.0,21.1,663.9,41.8,71.4,0,0,0,3256.6,866.5,3790.1
184,69,31.0,high,30,8,15,0,16,12.9,3.118,0,0,0,0.0,13.2,19.6,1034.4,6.2,34.0,0,0,0,1157.7,1953.9,1233.0
192,68,32.0,high,14,25,15,10,4,7.5,2.554,6,0,0,2.35,7.4,11.9,599.6,24.8,76.9,0,0,0,3766.4,3798.7,3734.4
143,62,38.0,high,8,25,15,10,4,7.3,2.597,7,0,0,2.7,7.1,13.3,586.5,33.9,79.3,0,0,0,4673.5,2977.3,4622.8
199,62,38.0,high,0,25,15,10,12,11.5,8.074,15,0,0,1.86,9.6,22.8,919.5,22.3,52.5,0,0,0,9155.5,10719.8,9189.9
31,62,38.0,high,8,25,15,10,4,6.7,2.495,7,0,0,2.81,6.0,12.8,536.7,40.7,80.5,0,0,0,4508.3,6873.3,4496.5
144,61,39.0,high,14,25,15,7,0,4.5,1.388,6,0,0,4.32,4.6,7.2,362.3,53.0,100.0,0,0,0,5696.0,2263.8,4769.0
149,61,39.0,high,14,25,15,7,0,4.5,1.416,6,0,0,4.24,4.6,7.0,359.1,52.3,100.0,0,0,0,5290.1,3204.6,5295.2
154,61,39.0,high,14,25,15,7,0,4.9,1.172,5,0,0,4.27,4.9,8.5,393.5,53.7,92.6,0,0,0,4737.1,4070.6,4719.9
112,59,41.0,high,22,25,5,7,0,5.2,1.06,4,0,1,3.77,5.2,9.4,414.9,46.0,98.0,1,0,1,1369.3,2900.0,1380.3
17,58,42.0,high,0,25,15,10,8,8.4,6.675,15,0,0,2.25,7.8,16.7,671.7,31.8,70.4,0,0,0,7344.7,4084.2,7378.3
166,57,43.0,high,30,8,15,0,4,6.5,1.3,0,0,0,0.0,6.2,10.0,518.1,36.2,87.9,0,0,0,809.2,1060.6,807.7
12,56,44.0,high,14,25,15,2,0,3.4,0.421,5,0,0,11.88,3.0,6.5,274.0,84.2,94.7,0,0,0,897.8,3742.4,794.5
164,56,44.0,high,14,25,15,2,0,3.2,0.603,6,0,0,9.95,3.0,5.3,258.4,84.6,100.0,0,0,0,607.8,1273.2,675.4
156,54,46.0,high,3,25,15,7,4,6.3,2.777,12,0,0,4.32,6.3,10.1,500.9,32.3,89.8,0,0,0,4350.4,4106.8,4347.3
160,54,46.0,high,22,25,0,7,0,4.4,0.67,3,0,2,4.48,4.1,7.2,348.8,55.9,100.0,1,1,1,973.6,515.6,925.7
162,54,46.0,high,22,25,0,7,0,3.8,1.24,4,0,2,3.23,3.3,7.6,300.9,69.0,100.0,2,0,1,439.2,954.6,284.4
15,53,47.0,high,8,0,15,10,20,20.8,8.705,8,6,0,0.92,14.8,50.0,1664.3,12.0,29.5,0,0,0,3553.3,6259.3,4000.2
107,52,48.0,high,8,25,15,4,0,4.6,1.248,7,0,0,5.61,4.7,8.2,368.7,57.9,100.0,0,0,0,1285.3,1659.3,1257.5
146,52,48.0,high,8,25,15,4,0,4.4,1.081,7,0,0,6.48,4.4,7.5,353.3,58.8,96.1,0,0,0,6918.6,4103.1,6553.8
19,51,49.0,high,0,25,15,7,4,6.5,4.118,19,0,0,4.61,5.2,14.6,522.0,48.7,77.4,0,0,0,6374.4,2895.2,6393.2
6,51,49.0,high,22,0,15,10,4,6.4,1.377,3,2,0,2.18,5.3,12.3,511.5,42.9,79.4,0,0,0,967.8,4157.5,857.5
148,50,50.0,high,8,25,15,2,0,3.9,0.883,8,0,0,9.06,3.4,8.4,310.8,73.7,94.7,0,0,0,5286.9,2110.2,4972.0
157,50,50.0,high,0,20,15,7,8,8.9,4.575,19,1,0,4.15,5.8,18.0,711.3,43.1,64.5,0,0,0,3100.1,2878.8,3127.6
16,50,50.0,high,0,13,15,10,12,11.7,10.025,15,2,0,1.5,11.1,22.7,939.2,21.8,40.8,0,0,0,3394.2,3951.5,3393.2
18,50,50.0,high,0,25,15,10,0,5.7,8.073,20,0,0,2.48,4.7,11.3,456.3,52.5,81.9,0,0,0,3620.3,1898.2,3675.2
187,50,50.0,high,8,25,15,2,0,4.6,0.992,8,0,0,8.06,4.3,8.3,369.3,63.6,95.5,0,0,0,2073.4,3441.1,2060.7
190,50,50.0,high,3,13,15,7,12,11.9,3.067,10,1,0,3.26,10.4,24.0,953.5,25.0,45.9,0,0,0,4525.4,6958.3,4555.7
193,50,50.0,high,3,25,15,7,0,5.9,2.082,10,0,0,4.8,5.7,10.3,474.2,43.9,87.8,0,0,0,3286.1,3902.8,3312.7
33,50,50.0,high,8,25,15,2,0,2.9,0.687,7,0,0,10.19,3.1,4.2,233.2,96.7,100.0,0,0,0,2478.0,5328.7,2466.8
13,49,51.0,high,30,0,15,0,4,7.3,0.471,0,1,0,0.0,7.5,9.5,587.3,15.8,94.7,0,0,0,1123.7,3641.1,1274.4
29,49,51.0,high,14,6,15,10,4,6.6,2.279,5,1,0,2.19,7.3,10.3,529.3,25.5,87.7,0,0,0,2629.8,5162.9,2596.1
106,48,52.0,high,22,0,15,7,4,6.3,0.885,4,1,0,4.52,6.3,9.7,501.0,35.1,89.2,0,0,0,1710.2,2417.8,1739.3
109,48,52.0,high,22,0,15,7,4,7.7,0.941,4,1,0,4.25,8.6,11.7,617.2,19.6,76.1,0,0,0,741.4,2297.4,791.0
74,48,52.0,high,14,25,5,4,0,4.5,0.949,6,0,1,6.32,4.1,7.8,359.0,62.2,97.8,1,0,0,784.2,3480.5,800.1
152,47,53.0,high,3,25,15,4,0,4.6,1.603,10,0,0,6.24,4.4,7.4,367.3,61.3,100.0,0,0,0,4825.9,3707.5,4837.0
23,47,53.0,high,14,0,15,10,8,9.8,4.154,5,5,0,1.2,9.6,16.8,785.2,18.4,54.1,0,0,0,6726.8,6650.3,6717.3
44,47,53.0,high,22,0,15,10,0,4.2,0.691,2,3,0,2.89,4.6,6.7,335.0,62.1,100.0,0,0,0,1252.9,4872.0,1223.7
51,47,53.0,high,22,0,15,10,0,4.2,0.403,1,2,0,2.48,4.9,5.8,339.5,52.6,100.0,0,0,0,623.5,2071.6,651.3
64,47,53.0,high,3,25,15,4,0,4.2,1.586,11,0,0,6.94,4.1,7.1,333.6,65.8,100.0,0,0,0,1254.7,4022.8,1234.8
80,47,53.0,high,22,0,15,10,0,5.2,1.485,4,1,0,2.69,5.3,7.8,418.4,46.2,98.5,0,0,0,2013.8,6891.6,2043.9
94,47,53.0,high,8,13,15,7,4,6.0,1.502,7,1,0,4.66,6.3,9.6,477.5,42.0,91.3,0,0,0,815.2,2851.4,778.3
98,47,53.0,high,22,0,15,10,0,5.4,1.436,3,6,0,2.09,5.0,8.8,431.5,49.2,98.4,0,0,0,1793.3,1933.6,1780.0
172,46,54.0,high,0,20,15,7,4,6.9,8.376,31,2,0,3.7,3.8,23.7,552.8,62.6,82.6,0,0,0,1862.5,1898.8,1894.7
200,45,55.0,high,8,0,15,10,12,10.4,7.517,8,7,0,1.06,9.7,22.4,829.7,20.7,57.8,0,0,0,11552.9,13126.0,11587.3
89,45,55.0,high,3,25,15,2,0,4.5,0.994,10,0,0,10.06,4.1,8.8,362.6,63.8,97.9,0,0,0,2677.4,1918.5,2066.0
120,44,56.0,moderate,22,0,15,7,0,3.1,0.534,2,4,0,3.75,3.2,5.7,250.5,87.0,100.0,0,0,0,547.4,3143.7,488.6
131,44,56.0,moderate,22,0,15,7,0,3.2,1.045,4,3,0,3.83,3.3,5.5,259.4,84.0,100.0,0,0,0,1077.6,2289.8,1073.9
189,44,56.0,moderate,3,0,15,10,16,13.2,10.197,12,5,0,1.18,11.5,25.7,1054.8,20.5,43.0,0,0,0,2203.9,4690.2,2237.5
48,44,56.0,moderate,22,0,15,7,0,3.9,0.479,2,1,0,4.18,4.0,6.1,308.0,77.3,100.0,0,0,0,722.8,2409.5,682.9
179,43,57.0,moderate,14,0,15,10,4,6.8,1.873,5,2,0,2.67,6.3,12.0,543.8,35.7,81.0,0,0,0,1325.1,2523.1,1306.2
9,43,57.0,moderate,3,25,15,0,0,3.0,0.681,10,0,0,14.68,2.6,8.1,241.1,83.9,100.0,0,0,0,1206.0,4748.3,1231.9
101,42,58.0,moderate,0,25,15,2,0,3.8,1.521,17,0,0,11.18,3.6,6.8,305.8,73.1,100.0,0,0,0,1809.2,995.8,1815.8
117,42,58.0,moderate,0,25,15,2,0,2.8,1.327,14,0,0,10.55,2.7,5.8,222.8,84.4,100.0,0,0,0,2056.7,468.6,2031.9
145,42,58.0,moderate,0,25,15,2,0,5.0,1.513,13,0,0,8.59,4.3,9.8,397.5,61.2,97.0,0,0,0,5253.3,1256.5,3975.8
147,42,58.0,moderate,0,25,15,2,0,5.3,2.048,23,0,0,11.23,5.7,7.9,420.0,37.0,100.0,0,0,0,6581.4,3644.8,6300.1
155,42,58.0,moderate,0,25,15,2,0,4.4,1.545,17,0,0,11.0,4.2,8.1,355.6,60.9,97.1,0,0,0,4103.6,3560.1,4066.8
50,42,58.0,moderate,14,6,15,7,0,5.3,1.536,6,1,0,3.91,5.7,8.1,427.9,38.0,100.0,0,0,0,1136.0,2498.0,1109.4
72,42,58.0,moderate,8,25,5,4,0,3.3,1.318,9,0,1,6.83,3.1,7.0,262.0,69.8,100.0,2,0,1,478.5,2348.8,487.5
194,41,59.0,moderate,8,0,15,10,8,8.8,4.512,8,8,0,1.77,8.7,14.4,703.0,19.4,59.7,0,0,0,5702.9,5993.9,5730.9
54,41,59.0,moderate,22,0,15,4,0,4.0,0.594,3,1,0,5.05,4.3,6.3,318.4,64.0,100.0,0,0,0,711.5,1215.4,681.4
83,41,59.0,moderate,0,25,5,7,4,7.8,6.632,20,0,1,3.02,6.9,15.8,620.0,29.8,76.3,1,0,1,1448.8,4790.9,1456.5
137,40,60.0,moderate,0,25,15,0,0,2.7,1.621,24,0,0,14.81,2.8,5.0,217.5,89.3,100.0,0,0,0,3722.5,3819.7,3733.4
138,40,60.0,moderate,0,25,15,0,0,2.9,1.263,21,0,0,16.63,2.7,5.6,235.5,81.0,100.0,0,0,0,2454.7,2748.5,2462.5
93,40,60.0,moderate,8,13,15,4,0,4.4,1.412,9,1,0,6.37,3.9,8.1,353.6,65.2,95.5,0,0,0,3878.5,1204.0,2718.4
150,39,61.0,moderate,0,20,15,4,0,4.5,3.535,21,1,0,5.94,3.9,8.9,363.1,67.1,94.0,0,0,0,7516.7,5989.1,7485.8
153,39,61.0,moderate,14,0,15,10,0,5.6,2.266,6,3,0,2.65,5.3,9.7,449.3,43.3,90.4,0,0,0,5406.3,5159.3,5402.8
57,39,61.0,moderate,14,6,15,4,0,3.6,0.908,6,1,0,6.61,3.1,7.1,291.0,74.4,100.0,0,0,0,1121.6,740.9,1097.6
86,39,61.0,moderate,0,20,15,4,0,4.8,6.25,37,1,0,5.92,4.4,8.9,384.8,59.9,93.5,0,0,0,2683.1,4353.4,2663.6
11,38,62.0,moderate,8,13,15,2,0,1.7,0.634,7,1,0,11.04,1.6,3.0,136.7,100.0,100.0,0,0,0,959.9,4485.8,931.0
21,38,62.0,moderate,8,0,15,7,8,8.2,1.87,8,3,0,4.28,4.4,24.8,658.0,66.7,76.2,0,0,0,2296.2,1548.1,2331.3
67,38,62.0,moderate,8,13,15,2,0,4.9,0.899,9,1,0,10.01,5.3,7.7,391.6,50.0,100.0,0,0,0,1391.0,4337.2,1425.3
10,37,63.0,moderate,14,6,15,2,0,3.4,0.522,5,1,0,9.58,2.8,6.3,273.4,72.0,100.0,0,0,1,538.6,3867.6,629.2
188,37,63.0,moderate,8,0,15,10,4,7.6,3.423,8,5,0,2.34,7.4,13.5,611.5,32.9,67.1,0,0,0,2083.2,4451.2,2098.4
47,37,63.0,moderate,14,6,15,2,0,4.0,0.624,6,1,0,9.62,3.9,6.8,320.8,70.4,100.0,0,0,0,677.9,2818.6,662.0
97,37,63.0,moderate,14,6,15,2,0,3.8,0.742,6,1,0,8.09,3.3,6.6,306.9,70.6,100.0,0,0,0,1652.7,1416.0,1643.3
198,36,64.0,moderate,3,0,15,10,8,8.9,6.3,11,11,0,1.75,9.2,14.1,712.4,20.5,57.3,0,0,0,6273.8,7764.2,6307.9
66,36,64.0,moderate,14,0,15,7,0,4.6,1.031,5,4,0,4.85,4.5,7.6,364.1,58.0,100.0,0,0,0,1971.8,4723.0,1959.8
69,36,64.0,moderate,14,0,15,7,0,3.8,1.049,5,2,0,4.77,3.7,6.5,305.5,65.2,100.0,0,0,1,683.5,3521.9,735.9
90,36,64.0,moderate,14,0,15,7,0,5.5,1.084,5,2,0,4.61,4.9,10.6,437.6,50.0,86.5,0,0,0,3428.2,911.7,1797.0
119,35,65.0,moderate,0,20,15,0,0,2.9,1.387,24,1,0,17.3,2.8,5.3,235.0,85.3,100.0,0,0,0,820.1,1942.8,811.5
128,35,65.0,moderate,0,20,15,0,0,2.8,1.597,25,1,0,15.65,2.7,5.0,226.6,90.1,100.0,0,0,0,4284.4,3086.6,4289.2
175,35,65.0,moderate,0,20,15,0,0,3.3,1.431,18,1,0,12.58,3.2,6.1,265.4,81.0,100.0,0,0,0,1366.1,1964.3,1350.9
79,35,65.0,moderate,3,13,15,4,0,5.0,2.092,12,1,0,5.74,4.7,9.3,402.6,54.0,95.0,0,0,0,2008.7,7610.2,2041.0
180,34,66.0,moderate,8,0,15,7,4,7.3,1.82,8,6,0,4.4,7.3,12.8,587.7,31.0,72.6,0,0,0,1454.1,1960.2,1393.2
3,34,66.0,moderate,0,25,5,4,0,4.9,3.161,17,0,1,5.38,4.1,8.9,392.0,62.7,92.0,1,0,0,1109.4,6589.8,2003.2
4,34,66.0,moderate,0,25,5,4,0,4.5,2.08,15,0,1,7.21,4.4,8.8,362.1,60.8,93.8,1,0,1,657.5,5041.6,725.9
197,33,67.0,moderate,0,0,15,10,8,8.7,8.473,16,8,0,1.89,8.8,14.0,698.1,23.0,62.6,0,0,0,9698.7,10656.6,9731.8
24,33,67.0,moderate,3,0,15,7,8,8.3,2.712,10,4,0,3.69,7.1,17.2,665.8,37.9,64.5,0,0,0,5701.5,5987.3,5695.5
43,33,67.0,moderate,3,13,15,2,0,4.2,0.992,11,1,0,11.09,3.3,7.1,333.9,75.0,95.8,0,0,0,1350.2,3827.7,1329.3
8,33,67.0,moderate,14,0,15,4,0,3.7,0.724,5,2,0,6.91,3.1,6.4,295.6,77.1,100.0,0,0,0,1451.9,4767.5,1467.2
174,32,68.0,moderate,0,13,15,4,0,5.2,3.463,25,2,0,7.22,4.4,11.2,419.9,57.8,85.1,0,0,0,2021.4,3797.6,2001.2
186,32,68.0,moderate,0,13,15,4,0,5.2,2.385,14,2,0,5.87,4.9,9.1,419.9,51.4,94.6,0,0,0,775.6,3287.6,758.4
195,32,68.0,moderate,0,13,15,4,0,5.3,2.489,15,2,0,6.03,4.1,12.2,423.2,62.4,87.2,0,0,0,4346.6,5345.9,4377.8
25,32,68.0,moderate,0,13,15,4,0,5.7,3.982,23,3,0,5.78,5.0,10.7,457.5,50.5,89.4,0,0,0,4757.7,4699.6,4752.7
37,32,68.0,moderate,3,0,15,10,4,6.6,4.1,12,5,0,2.93,5.5,12.8,526.4,44.9,75.3,0,0,0,1711.0,3480.0,1731.3
139,31,69.0,moderate,3,13,15,0,0,2.9,0.724,11,1,0,15.19,2.8,4.6,235.9,94.1,100.0,0,0,0,1221.3,1696.1,1219.6
56,31,69.0,moderate,14,0,15,2,0,2.8,0.567,6,7,0,10.58,2.8,4.3,224.8,96.2,100.0,0,0,0,825.2,732.6,842.7
78,31,69.0,moderate,14,0,15,2,0,3.4,0.672,6,2,0,8.93,3.5,5.6,273.6,76.7,100.0,0,0,0,1322.6,1314.5,1483.2
88,31,69.0,moderate,3,6,15,7,0,5.5,2.272,11,2,0,4.84,4.5,11.8,442.2,56.1,87.9,0,0,0,1657.2,2102.7,1162.0
196,30,70.0,moderate,8,0,15,7,0,5.6,1.552,7,3,0,4.51,4.9,9.7,450.1,51.4,90.3,0,0,0,5133.3,6207.7,5165.6
26,30,70.0,moderate,8,0,15,7,0,5.3,2.153,8,3,0,3.72,4.9,8.6,425.4,51.5,97.0,0,0,0,5715.9,3389.7,5687.2
84,30,70.0,moderate,0,13,15,2,0,4.1,3.133,28,3,0,8.94,3.8,7.4,326.8,62.1,99.3,0,0,1,1226.0,3937.0,1192.8
99,30,70.0,moderate,0,25,5,0,0,2.5,1.299,17,0,1,13.09,2.4,4.8,203.8,89.7,100.0,1,0,1,1059.8,1809.1,1074.5
7,29,71.0,moderate,0,6,5,10,8,9.1,7.678,13,2,1,1.69,7.7,16.9,725.5,31.2,63.0,1,0,0,1599.4,2001.3,1587.8
113,28,72.0,moderate,0,13,15,0,0,3.0,1.69,22,2,0,13.02,2.8,4.9,236.7,91.0,100.0,0,0,0,1729.5,1218.6,1733.8
32,28,72.0,moderate,0,6,15,7,0,5.7,4.966,20,4,0,4.03,5.3,10.0,458.3,45.6,89.9,0,0,0,3224.5,6619.5,3250.5
92,28,72.0,moderate,0,13,15,0,0,3.4,1.04,14,2,0,13.46,3.4,5.8,273.7,75.6,100.0,0,0,0,3562.4,1998.7,3004.4
105,27,73.0,moderate,8,0,15,4,0,4.0,1.312,8,4,0,6.1,3.7,6.9,317.8,66.1,100.0,0,0,0,2378.9,1948.0,2382.6
108,27,73.0,moderate,8,0,15,4,0,4.9,1.53,8,12,0,5.23,4.8,8.1,394.3,51.4,92.9,0,0,0,263.7,906.8,307.4
55,27,73.0,moderate,14,6,5,2,0,5.1,0.574,5,1,1,8.71,5.5,7.8,405.6,36.4,100.0,0,1,0,1013.2,802.9,1038.3
71,27,73.0,moderate,0,20,5,2,0,2.6,1.534,14,1,1,9.13,2.6,4.9,207.5,91.7,100.0,1,0,1,354.8,4075.9,330.7
91,27,73.0,moderate,8,0,15,4,0,3.9,1.216,9,9,0,7.4,3.6,7.1,308.9,75.0,98.2,0,0,0,3886.1,2419.1,3594.0
115,25,75.0,moderate,8,0,15,2,0,2.9,0.852,7,6,0,8.22,3.0,4.8,228.3,92.3,100.0,0,0,0,1577.7,2409.9,1578.6
121,25,75.0,moderate,0,25,0,0,0,2.4,0.924,14,0,2,15.15,2.3,4.7,190.0,95.2,100.0,2,0,2,464.7,2676.2,454.7
140,25,75.0,moderate,8,0,15,2,0,3.6,0.761,8,5,0,10.51,3.2,5.9,285.9,79.4,97.1,0,0,0,783.9,1069.3,844.8
141,25,75.0,moderate,8,0,15,2,0,3.4,0.778,9,4,0,11.57,3.4,6.1,275.5,76.5,100.0,0,0,0,1043.8,819.5,1069.8
151,25,75.0,moderate,0,6,15,4,0,4.5,1.664,13,3,0,7.81,4.2,8.2,358.2,63.0,97.5,0,0,0,5305.1,4768.7,5306.5
163,25,75.0,moderate,8,0,15,2,0,3.3,0.759,8,2,0,10.54,3.7,4.9,261.9,91.4,100.0,0,0,0,637.2,1495.3,727.9
185,25,75.0,moderate,8,0,15,2,0,3.3,0.946,8,2,0,8.46,3.2,5.2,260.5,89.1,100.0,0,0,0,823.3,2539.6,712.9
39,25,75.0,moderate,8,0,15,2,0,2.8,1.042,9,4,0,8.64,2.8,5.4,228.0,87.8,100.0,0,0,0,830.7,4315.7,1907.4
53,25,75.0,moderate,8,0,15,2,0,3.9,0.854,9,10,0,10.54,3.8,7.0,312.4,62.5,100.0,0,0,0,726.3,1935.0,672.2
75,25,75.0,moderate,8,0,15,2,0,4.2,0.953,8,5,0,8.39,3.9,7.5,335.4,66.7,100.0,0,0,0,1762.6,2779.7,1786.6
170,24,76.0,low,0,20,0,4,0,3.7,2.701,21,1,2,7.77,3.3,7.2,298.5,71.3,98.4,2,0,2,568.6,2344.8,583.5
60,24,76.0,low,0,20,0,4,0,2.5,5.139,28,2,2,5.45,1.3,6.8,196.9,86.5,95.5,6,0,2,740.9,1144.1,665.8
124,23,77.0,low,14,0,5,4,0,3.9,1.025,6,4,1,5.85,3.8,6.2,313.9,60.4,100.0,1,0,1,234.4,2502.6,169.6
132,23,77.0,low,14,0,5,4,0,4.8,1.096,6,3,1,5.47,5.0,7.9,384.2,49.0,100.0,1,0,1,757.6,2648.7,750.0
161,23,77.0,low,8,13,0,2,0,3.5,0.79,7,1,2,8.86,3.1,6.4,282.7,80.6,100.0,2,0,1,305.4,987.2,307.3
30,23,77.0,low,0,0,15,4,4,6.0,3.097,21,6,0,6.78,6.2,10.6,482.9,40.6,88.1,0,0,0,3502.1,5907.4,3503.3
76,23,77.0,low,8,0,15,0,0,2.8,0.615,8,5,0,13.01,2.9,5.2,222.1,88.9,100.0,0,0,0,1558.8,1957.2,1524.7
111,22,78.0,low,0,20,0,2,0,3.4,2.717,28,2,2,10.31,2.8,6.9,268.4,74.0,100.0,0,2,0,2295.2,1566.4,2253.0
118,22,78.0,low,0,20,0,2,0,3.7,1.907,16,1,2,8.39,3.4,6.6,293.8,74.2,97.8,0,2,0,2057.9,494.8,2055.1
129,22,78.0,low,3,0,15,4,0,4.4,1.899,12,4,0,6.32,4.6,7.1,352.9,56.7,100.0,0,0,0,3165.3,2506.1,3165.9
27,22,78.0,low,0,0,15,7,0,5.8,3.644,14,4,0,3.84,5.6,10.3,463.5,40.1,89.0,0,0,0,4758.0,1886.2,5008.4
35,22,78.0,low,3,0,15,4,0,3.8,1.689,12,4,0,7.1,3.8,6.4,301.8,71.4,100.0,0,0,0,2597.0,4154.9,2570.4
38,22,78.0,low,3,0,15,4,0,3.2,1.801,10,7,0,5.55,3.1,6.2,255.7,79.5,100.0,0,0,0,804.2,3470.6,1028.2
126,20,80.0,low,3,0,15,2,0,3.4,1.04,10,3,0,9.62,3.1,6.0,273.6,79.6,100.0,0,0,0,1209.9,3173.0,1237.4
130,20,80.0,low,3,0,15,2,0,3.9,1.201,10,5,0,8.33,3.8,7.1,314.5,65.4,98.1,0,0,0,2011.5,3014.4,2013.2
136,20,80.0,low,3,0,15,2,0,3.1,1.195,10,8,0,8.37,2.6,6.2,244.8,81.8,100.0,0,0,0,2644.3,3361.6,2652.7
165,20,80.0,low,0,20,0,0,0,3.9,1.162,17,1,2,14.63,3.9,6.7,309.7,70.9,98.2,2,0,2,505.0,2353.8,553.8
36,20,80.0,low,3,0,15,2,0,3.8,1.376,12,7,0,8.72,3.3,7.2,300.4,69.2,100.0,0,0,0,1857.4,4397.3,1822.7
42,20,80.0,low,3,0,15,2,0,4.3,1.084,12,5,0,11.07,4.0,6.9,341.3,56.0,100.0,0,0,2,545.2,3131.4,543.0
45,20,80.0,low,3,0,15,2,0,3.0,1.14,11,10,0,9.65,2.9,5.1,236.5,88.9,100.0,0,0,1,596.4,3971.5,563.6
46,20,80.0,low,3,0,15,2,0,4.2,1.436,12,3,0,8.36,3.5,7.3,338.7,72.7,93.9,0,0,0,1111.2,3193.4,1110.9
73,20,80.0,low,3,0,15,2,0,2.5,0.928,11,8,0,11.85,2.3,5.1,199.7,87.0,100.0,0,0,0,982.3,2579.2,1017.4
85,19,81.0,low,0,0,15,4,0,5.1,4.379,23,8,0,5.25,4.8,9.5,408.1,51.2,91.6,0,0,1,941.9,6029.7,912.2
14,18,82.0,low,3,0,15,0,0,2.2,0.668,10,5,0,14.97,2.4,3.6,173.8,100.0,100.0,0,0,0,1348.0,4406.2,1259.3
40,18,82.0,low,0,13,5,0,0,2.6,1.067,15,2,1,14.06,2.1,5.0,204.0,90.2,100.0,1,0,0,491.2,4060.7,1280.4
41,18,82.0,low,3,13,0,2,0,2.9,0.892,10,1,2,11.21,2.8,5.0,235.0,88.6,100.0,2,0,0,598.2,3656.2,647.6
49,18,82.0,low,3,0,15,0,0,2.5,0.78,11,4,0,14.1,2.6,4.0,198.1,97.3,100.0,0,0,0,1313.2,2712.2,1288.3
63,18,82.0,low,3,0,15,0,0,2.9,0.964,12,13,0,12.45,2.2,5.9,234.6,79.5,100.0,0,0,0,1453.4,1912.2,1449.0
77,18,82.0,low,3,0,15,0,0,2.3,0.574,10,8,0,17.42,1.9,4.3,181.9,100.0,100.0,0,0,0,970.6,1817.7,923.5
82,18,82.0,low,0,6,5,7,0,5.8,3.877,19,4,1,4.9,5.1,10.3,460.8,48.9,87.4,1,0,0,1501.7,5987.4,1521.9
1,17,83.0,low,0,0,15,2,0,3.7,1.734,14,7,0,8.07,3.5,6.6,292.1,77.8,96.3,0,0,0,1108.1,9916.5,1127.5
100,17,83.0,low,0,0,15,2,0,3.5,2.205,26,32,0,11.79,3.6,6.6,281.5,76.2,99.0,0,0,0,935.8,1781.6,918.2
103,17,83.0,low,0,0,15,2,0,3.6,2.447,25,18,0,10.22,3.5,7.2,289.5,71.4,98.2,0,0,0,2734.8,826.6,1865.1
110,17,83.0,low,0,0,15,2,0,4.1,2.053,22,10,0,10.72,3.7,7.5,328.2,76.6,93.6,0,0,0,791.4,1105.7,834.4
134,17,83.0,low,8,0,5,4,0,4.5,0.945,7,3,1,7.41,4.4,8.2,360.8,65.1,97.7,1,0,1,513.0,1940.4,502.1
176,17,83.0,low,0,0,15,2,0,4.7,1.787,15,4,0,8.39,4.7,8.1,378.3,56.6,97.6,0,0,0,777.4,3242.5,748.1
34,17,83.0,low,0,0,15,2,0,3.8,2.442,21,6,0,8.6,3.6,6.7,305.0,70.3,100.0,0,0,0,3586.3,3082.2,3551.1
5,17,83.0,low,0,0,15,2,0,3.0,2.319,19,5,0,8.19,2.8,6.3,240.0,80.6,100.0,0,0,0,564.2,5472.5,580.9
65,17,83.0,low,0,0,15,2,0,4.2,1.881,17,6,0,9.04,4.1,7.3,334.2,60.7,100.0,0,0,0,1612.1,4440.8,1619.7
104,15,85.0,low,0,13,0,2,0,3.9,2.284,21,3,2,9.19,3.7,7.0,313.3,69.9,99.0,0,2,0,2541.2,474.3,1165.1
125,15,85.0,low,0,0,15,0,0,3.0,1.239,21,10,0,16.95,3.1,5.4,243.1,84.2,100.0,0,0,0,827.3,3214.8,834.2
127,15,85.0,low,0,6,5,4,0,4.4,3.857,29,7,1,7.52,4.2,7.8,348.3,58.2,98.9,0,1,0,3623.1,995.0,3636.9
133,15,85.0,low,0,0,15,0,0,2.8,1.838,26,14,0,14.15,2.6,5.7,226.1,84.9,100.0,0,0,0,1049.5,1179.4,1017.8
135,15,85.0,low,0,0,15,0,0,2.3,1.478,25,16,0,16.91,2.3,4.0,184.2,98.5,100.0,0,0,0,1685.0,2434.7,1698.8
167,15,85.0,low,0,0,15,0,0,2.6,1.135,18,5,0,15.86,2.7,4.2,210.2,100.0,100.0,0,0,0,1407.6,1682.9,1390.7
2,15,85.0,low,0,6,5,4,0,3.7,2.916,17,3,1,5.83,3.3,7.8,297.9,71.9,94.8,1,0,1,470.2,8541.1,452.5
28,15,85.0,low,0,0,15,0,0,3.3,1.311,20,8,0,15.26,3.4,6.1,267.1,75.4,100.0,0,0,0,3314.8,4356.5,3332.5
61,15,85.0,low,0,0,15,0,0,2.5,2.218,27,32,0,12.17,2.1,4.7,198.4,90.3,100.0,0,0,1,936.4,1290.4,896.1
68,15,85.0,low,0,0,15,0,0,3.3,1.391,17,8,0,12.22,2.9,6.5,260.5,85.9,100.0,0,0,0,854.9,3571.3,872.6
87,15,85.0,low,0,0,15,0,0,3.8,0.957,13,5,0,13.58,3.5,7.0,306.1,70.5,97.7,0,0,0,1600.5,2494.3,1567.3
114,13,87.0,low,0,6,5,2,0,3.1,1.759,20,4,1,11.37,2.5,6.6,247.6,78.8,100.0,1,0,1,197.2,2241.3,191.9
122,13,87.0,low,0,13,0,0,0,3.6,1.815,24,2,3,13.22,3.1,7.2,289.1,75.0,100.0,0,3,0,1244.6,514.6,1216.6
168,13,87.0,low,0,6,5,2,0,3.8,3.563,30,5,1,8.42,3.6,6.9,302.9,67.3,100.0,0,1,0,1084.3,1022.7,1074.3
182,11,89.0,low,0,0,0,7,4,6.2,3.28,15,4,2,4.57,5.8,12.3,495.4,40.4,85.4,1,1,1,1554.1,1636.2,1533.5
81,11,89.0,low,0,6,5,0,0,3.2,1.663,21,5,1,12.63,2.8,6.2,254.4,80.8,98.7,1,0,0,610.8,6749.7,644.3
177,9,91.0,low,0,0,5,4,0,5.2,2.781,16,7,1,5.75,4.8,9.3,412.5,50.8,93.0,1,0,1,1069.2,2329.0,1129.4
95,9,91.0,low,0,0,5,4,0,4.3,2.339,17,7,1,7.27,3.9,8.1,345.8,63.0,99.1,1,0,2,1101.0,1908.3,562.4
96,9,91.0,low,0,0,5,4,0,5.6,2.75,14,17,1,5.09,5.7,10.0,448.1,44.7,90.2,1,0,0,648.8,2186.2,650.4
169,7,93.0,low,0,0,5,2,0,5.4,3.768,32,14,1,8.49,4.4,12.2,428.4,58.7,81.6,0,1,0,927.4,608.4,900.8
171,7,93.0,low,0,0,5,2,0,4.3,3.35,28,16,1,8.36,3.8,8.0,342.1,67.1,93.5,1,0,1,1049.6,2822.2,1070.4
173,7,93.0,low,0,0,5,2,0,3.4,2.736,31,10,1,11.33,3.4,5.6,270.5,78.7,99.2,1,0,1,577.2,2533.0,564.2
70,7,93.0,low,0,0,5,2,0,3.9,1.733,18,9,1,10.39,3.6,8.4,315.3,69.2,97.4,1,0,1,637.2,3927.2,638.2
116,5,95.0,low,0,0,5,0,0,2.5,0.68,18,8,1,26.47,2.7,4.6,202.0,100.0,100.0,1,0,1,338.5,3158.2,377.0
142,5,95.0,low,0,0,5,0,0,2.6,1.066,16,8,1,15.01,2.4,4.7,205.2,92.0,100.0,1,0,1,587.8,994.2,542.2
59,5,95.0,low,0,0,5,0,0,2.9,2.816,42,25,1,14.91,2.4,6.7,234.7,74.4,100.0,2,0,2,344.3,966.1,380.2
62,5,95.0,low,0,0,5,0,0,1.9,0.833,15,8,1,18.01,1.9,3.6,151.4,100.0,100.0,1,0,1,449.7,649.6,454.4
178,4,96.0,low,0,0,0,4,0,3.2,2.702,19,8,3,7.03,3.2,6.3,257.5,80.8,100.0,2,1,2,728.9,710.8,709.0
20,3,97.0,low,3,0,0,0,0,2.9,0.637,12,3,2,18.84,2.6,5.1,231.9,85.7,100.0,0,2,0,4803.5,1303.6,4817.4
123,2,98.0,low,0,0,0,2,0,2.9,2.24,25,13,2,11.16,2.8,5.5,232.6,88.5,100.0,1,1,1,557.5,1314.7,552.8
58,2,98.0,low,0,0,0,2,0,2.7,2.594,28,17,4,10.79,2.4,5.6,216.5,85.1,100.0,4,1,1,930.3,788.2,970.2
102,0,100.0,low,0,0,0,0,0,3.1,1.789,32,19,2,17.89,2.9,5.4,246.5,83.1,98.8,0,2,0,2595.2,183.9,2475.0
52,0,100.0,low,0,0,0,0,0,2.7,1.036,16,6,2,15.44,2.5,4.9,212.9,91.7,100.0,3,0,2,529.8,1590.9,591.7
